{"labels": [0], "scores": [0.9890671372413635], "bboxes": [[339.8107604980469, 41.51536560058594, 620.5123291015625, 286.9510803222656]]}