{"labels": [0], "scores": [0.9975152015686035], "bboxes": [[250.0031280517578, 112.30672454833984, 526.5568237304688, 310.31256103515625]]}