{"labels": [0, 0, 0], "scores": [0.9747105836868286, 0.10243728011846542, 0.05757025256752968], "bboxes": [[52.93754196166992, 195.94140625, 332.9707946777344, 402.3243408203125], [48.90091323852539, 148.17300415039062, 285.53729248046875, 340.2786865234375], [444.03717041015625, 70.89392852783203, 625.2088012695312, 291.7415771484375]]}